mode,rate,filter_mode,total_sent,received_pkts,dropped_pkts,drop_rate_pct,total_inspected,inspection_rate_pct,malware_count,tp,tn,fp,fn,fpr_pct,fnr_pct,cpu_time_sec,peak_rss_kb,out_filename
2,0.1,2,1000000,1000000,0,0,1000000,100,718,718,999282,0,0,0,0,77.6944,34556,/home/pi/workspaces/yhl/adam-v2x/outputs/csv_raw/unpatched/qos_attack_0.1_mode2_full100.csv
2,10,2,1000000,995795,4205,0.4205,995795,100,75012,75012,920783,0,0,0,0,75.3078,34632,/home/pi/workspaces/yhl/adam-v2x/outputs/csv_raw/unpatched/qos_attack_10.0_mode2_full100.csv
2,0.1,1,1000000,999901,99,0.0099,210908,21.0929,744,233,999157,0,511,0,68.6828,69.2808,35160,/home/pi/workspaces/yhl/adam-v2x/outputs/csv_raw/unpatched/qos_attack_0.1_mode2_filtered.csv
2,10,1,1000000,995601,4399,0.4399,552970,55.5413,75272,75242,920329,0,30,0,0.0398555,68.8729,35160,/home/pi/workspaces/yhl/adam-v2x/outputs/csv_raw/unpatched/qos_attack_10.0_mode2_filtered.csv
0,0.1,3,1000000,1000000,0,0,776760,77.676,988,762,999012,0,226,0,22.8745,76.4556,45280,/home/pi/workspaces/yhl/adam-v2x/outputs/csv_raw/unpatched/qos_attack_0.1_mode0_onnx.csv
0,0.5,3,1000000,995530,4470,0.447,987858,99.2294,5080,5034,990450,0,46,0,0.905512,74.3772,45580,/home/pi/workspaces/yhl/adam-v2x/outputs/csv_raw/unpatched/qos_attack_0.5_mode0_onnx.csv
0,1,3,1000000,995658,4342,0.4342,994562,99.8899,10039,10029,985619,0,10,0,0.0996115,77.7662,45580,/home/pi/workspaces/yhl/adam-v2x/outputs/csv_raw/unpatched/qos_attack_1.0_mode0_onnx.csv
0,5,3,1000000,995837,4163,0.4163,995808,99.9971,49822,49819,946015,0,3,0,0.00602144,78.0407,45580,/home/pi/workspaces/yhl/adam-v2x/outputs/csv_raw/unpatched/qos_attack_5.0_mode0_onnx.csv
0,10,3,1000000,995721,4279,0.4279,995332,99.9609,99908,99862,895813,0,46,0,0.0460424,76.9779,45580,/home/pi/workspaces/yhl/adam-v2x/outputs/csv_raw/unpatched/qos_attack_10.0_mode0_onnx.csv
1,0.1,3,1000000,995799,4201,0.4201,465565,46.7529,411,367,995388,0,44,0,10.7056,75.5646,45580,/home/pi/workspaces/yhl/adam-v2x/outputs/csv_raw/unpatched/qos_attack_0.1_mode1_onnx.csv
1,0.5,3,1000000,995730,4270,0.427,508130,51.0309,1986,1970,993744,0,16,0,0.805639,71.6615,45580,/home/pi/workspaces/yhl/adam-v2x/outputs/csv_raw/unpatched/qos_attack_0.5_mode1_onnx.csv
1,1,3,1000000,995662,4338,0.4338,505193,50.7394,3965,3965,991697,0,0,0,0,72.1736,45580,/home/pi/workspaces/yhl/adam-v2x/outputs/csv_raw/unpatched/qos_attack_1.0_mode1_onnx.csv
1,5,3,1000000,995653,4347,0.4347,539685,54.2041,19953,19946,975700,0,7,0,0.0350824,75.6666,45580,/home/pi/workspaces/yhl/adam-v2x/outputs/csv_raw/unpatched/qos_attack_5.0_mode1_onnx.csv
1,10,3,1000000,995776,4224,0.4224,535809,53.8082,40349,40340,955427,0,9,0,0.0223054,76.1126,45580,/home/pi/workspaces/yhl/adam-v2x/outputs/csv_raw/unpatched/qos_attack_10.0_mode1_onnx.csv
2,0.1,3,1000000,995711,4289,0.4289,655817,65.8642,740,617,994971,0,123,0,16.6216,74.0165,45580,/home/pi/workspaces/yhl/adam-v2x/outputs/csv_raw/unpatched/qos_attack_0.1_mode2_onnx.csv
2,0.5,3,1000000,995628,4372,0.4372,734554,73.778,3621,3583,992007,0,38,0,1.04943,73.6956,45580,/home/pi/workspaces/yhl/adam-v2x/outputs/csv_raw/unpatched/qos_attack_0.5_mode2_onnx.csv
2,1,3,1000000,995713,4287,0.4287,738581,74.1761,7437,7435,988276,0,2,0,0.0268926,74.5663,45580,/home/pi/workspaces/yhl/adam-v2x/outputs/csv_raw/unpatched/qos_attack_1.0_mode2_onnx.csv
2,5,3,1000000,995658,4342,0.4342,735727,73.8935,37635,37623,958023,0,12,0,0.0318852,70.9177,45580,/home/pi/workspaces/yhl/adam-v2x/outputs/csv_raw/unpatched/qos_attack_5.0_mode2_onnx.csv
2,10,3,1000000,994285,5715,0.5715,739020,74.3268,74773,74765,919512,0,8,0,0.010699,77.2177,45580,/home/pi/workspaces/yhl/adam-v2x/outputs/csv_raw/unpatched/qos_attack_10.0_mode2_onnx.csv
0,1,0,1000000,1000000,0,0,0,0,9943,0,990057,0,9943,0,100,80.3732,34964,/home/pi/workspaces/yhl/adam-v2x/outputs/csv_raw/unpatched/qos_attack_1.0_mode0.csv
0,5,0,1000000,995602,4398,0.4398,0,0,49678,0,945924,0,49678,0,100,96.7575,34964,/home/pi/workspaces/yhl/adam-v2x/outputs/csv_raw/unpatched/qos_attack_5.0_mode0.csv
0,10,0,1000000,995712,4288,0.4288,0,0,99839,0,895873,0,99839,0,100,127.035,34964,/home/pi/workspaces/yhl/adam-v2x/outputs/csv_raw/unpatched/qos_attack_10.0_mode0.csv
2,10,3,1000000,1000000,0,0,758098,75.8098,75087,75077,924913,0,10,0,0.0133179,72.4817,45504,/home/pi/workspaces/yhl/adam-v2x/outputs/csv_raw/unpatched/qos_attack_10.0_mode2_onnx.csv
2,0.1,3,1000000,999868,132,0.0132,671984,67.2073,732,629,999136,0,103,0,14.071,72.5634,45472,/home/pi/workspaces/yhl/adam-v2x/outputs/csv_raw/unpatched/qos_attack_0.1_mode2_onnx.csv
0,1,0,1000000,1000000,0,0,0,0,9917,0,990083,0,9917,0,100,70.6729,34976,/home/pi/workspaces/yhl/adam-v2x/outputs/csv_raw/unpatched/qos_attack_1.0_mode0.csv
0,5,0,1000000,995586,4414,0.4414,0,0,50324,0,945262,0,50324,0,100,97.7645,34976,/home/pi/workspaces/yhl/adam-v2x/outputs/csv_raw/unpatched/qos_attack_5.0_mode0.csv
0,10,0,1000000,995624,4376,0.4376,0,0,99892,0,895732,0,99892,0,100,124.574,34976,/home/pi/workspaces/yhl/adam-v2x/outputs/csv_raw/unpatched/qos_attack_10.0_mode0.csv
0,0.1,3,1000000,1000000,0,0,783952,78.3952,1013,802,998987,0,211,0,20.8292,77.8849,45304,/home/pi/workspaces/yhl/adam-v2x/outputs/csv_raw/unpatched/qos_attack_0.1_mode0_onnx.csv
0,0.5,3,1000000,995624,4376,0.4376,986562,99.0898,4978,4930,990646,0,48,0,0.964243,80.5991,45620,/home/pi/workspaces/yhl/adam-v2x/outputs/csv_raw/unpatched/qos_attack_0.5_mode0_onnx.csv
0,1,3,1000000,995499,4501,0.4501,995481,99.9982,9976,9976,985523,0,0,0,0,79.3965,45620,/home/pi/workspaces/yhl/adam-v2x/outputs/csv_raw/unpatched/qos_attack_1.0_mode0_onnx.csv
0,5,3,1000000,995528,4472,0.4472,995501,99.9973,50108,50105,945420,0,3,0,0.00598707,78.8602,45620,/home/pi/workspaces/yhl/adam-v2x/outputs/csv_raw/unpatched/qos_attack_5.0_mode0_onnx.csv
0,10,3,1000000,995619,4381,0.4381,995500,99.988,98997,98986,896622,0,11,0,0.0111114,82.777,45620,/home/pi/workspaces/yhl/adam-v2x/outputs/csv_raw/unpatched/qos_attack_10.0_mode0_onnx.csv
1,0.1,3,1000000,995494,4506,0.4506,482232,48.4415,371,339,995123,0,32,0,8.62534,70.1137,45620,/home/pi/workspaces/yhl/adam-v2x/outputs/csv_raw/unpatched/qos_attack_0.1_mode1_onnx.csv
1,0.5,3,1000000,995651,4349,0.4349,494379,49.6538,2056,2049,993595,0,7,0,0.340467,78.1652,45620,/home/pi/workspaces/yhl/adam-v2x/outputs/csv_raw/unpatched/qos_attack_0.5_mode1_onnx.csv
1,1,3,1000000,995572,4428,0.4428,530415,53.2774,3945,3943,991627,0,2,0,0.0506971,77.5051,45620,/home/pi/workspaces/yhl/adam-v2x/outputs/csv_raw/unpatched/qos_attack_1.0_mode1_onnx.csv
1,5,3,1000000,995751,4249,0.4249,505306,50.7462,20308,20307,975443,0,1,0,0.00492417,71.8687,45620,/home/pi/workspaces/yhl/adam-v2x/outputs/csv_raw/unpatched/qos_attack_5.0_mode1_onnx.csv
1,10,3,1000000,995620,4380,0.438,504448,50.6667,40226,40204,955394,0,22,0,0.054691,73.6878,45620,/home/pi/workspaces/yhl/adam-v2x/outputs/csv_raw/unpatched/qos_attack_10.0_mode1_onnx.csv
2,0.1,3,1000000,995769,4231,0.4231,650400,65.3164,759,659,995010,0,100,0,13.1752,72.7432,45620,/home/pi/workspaces/yhl/adam-v2x/outputs/csv_raw/unpatched/qos_attack_0.1_mode2_onnx.csv
2,0.5,3,1000000,995719,4281,0.4281,731265,73.4409,3705,3689,992014,0,16,0,0.431849,74.2838,45620,/home/pi/workspaces/yhl/adam-v2x/outputs/csv_raw/unpatched/qos_attack_0.5_mode2_onnx.csv
2,1,3,1000000,995667,4333,0.4333,739564,74.2782,7710,7700,987957,0,10,0,0.129702,74.158,45620,/home/pi/workspaces/yhl/adam-v2x/outputs/csv_raw/unpatched/qos_attack_1.0_mode2_onnx.csv
2,5,3,1000000,995623,4377,0.4377,734513,73.7742,37261,37259,958362,0,2,0,0.00536754,74.1218,45620,/home/pi/workspaces/yhl/adam-v2x/outputs/csv_raw/unpatched/qos_attack_5.0_mode2_onnx.csv
2,10,3,1000000,995782,4218,0.4218,757031,76.0238,75117,75114,920665,0,3,0,0.00399377,73.6975,45620,/home/pi/workspaces/yhl/adam-v2x/outputs/csv_raw/unpatched/qos_attack_10.0_mode2_onnx.csv
2,0.1,1,1000000,1000000,0,0,202238,20.2238,739,200,999261,0,539,0,72.9364,65.1423,35164,/home/pi/workspaces/yhl/adam-v2x/outputs/csv_raw/unpatched/qos_attack_0.1_mode2_filtered.csv
2,10,1,1000000,995712,4288,0.4288,553287,55.567,75006,74982,920706,0,24,0,0.0319974,69.35,35164,/home/pi/workspaces/yhl/adam-v2x/outputs/csv_raw/unpatched/qos_attack_10.0_mode2_filtered.csv
2,0.1,2,1000000,1000000,0,0,1000000,100,741,741,999259,0,0,0,0,71.8386,34736,/home/pi/workspaces/yhl/adam-v2x/outputs/csv_raw/unpatched/qos_attack_0.1_mode2_full100.csv
2,10,2,1000000,995891,4109,0.4109,995891,100,74891,74891,921000,0,0,0,0,72.9577,34736,/home/pi/workspaces/yhl/adam-v2x/outputs/csv_raw/unpatched/qos_attack_10.0_mode2_full100.csv
0,0,2,1000000,1000000,0,0,1000000,100,0,0,1000000,0,0,0,0,70.7356,34640,/home/pi/workspaces/yhl/adam-v2x/outputs/csv_raw/unpatched/qos_baseline.csv
0,0,2,1000000,999901,99,0.0099,999901,100,0,0,999901,0,0,0,0,71.1762,34456,/home/pi/workspaces/yhl/adam-v2x/outputs/csv_raw/unpatched/qos_baseline.csv
0,0,2,1000000,999815,185,0.0185,999815,100,0,0,999815,0,0,0,0,73.3215,34456,/home/pi/workspaces/yhl/adam-v2x/outputs/csv_raw/unpatched/qos_baseline.csv
0,0,0,1000000,1000000,0,0,0,0,0,0,1000000,0,0,0,0,56.3685,34732,/home/pi/workspaces/yhl/adam-v2x/outputs/csv_raw/unpatched/qos_baseline.csv
0,1,0,1000000,999907,93,0.0093,0,0,9988,0,989919,0,9988,0,100,65.3577,35008,/home/pi/workspaces/yhl/adam-v2x/outputs/csv_raw/unpatched/qos_attack_1.0_mode0.csv
0,0.1,3,1000000,1000000,0,0,787097,78.7097,988,787,999012,0,201,0,20.3441,65.1811,45360,/home/pi/workspaces/yhl/adam-v2x/outputs/csv_raw/unpatched/qos_attack_0.1_mode0_onnx.csv
0,0.5,3,1000000,995751,4249,0.4249,990761,99.4989,5016,4988,990735,0,28,0,0.558214,66.9486,45672,/home/pi/workspaces/yhl/adam-v2x/outputs/csv_raw/unpatched/qos_attack_0.5_mode0_onnx.csv
0,1,3,1000000,995764,4236,0.4236,994798,99.903,10011,10002,985753,0,9,0,0.0899011,67.4104,45672,/home/pi/workspaces/yhl/adam-v2x/outputs/csv_raw/unpatched/qos_attack_1.0_mode0_onnx.csv
0,5,3,1000000,995827,4173,0.4173,995816,99.9989,49788,49788,946039,0,0,0,0,67.033,45672,/home/pi/workspaces/yhl/adam-v2x/outputs/csv_raw/unpatched/qos_attack_5.0_mode0_onnx.csv
0,10,3,1000000,995757,4243,0.4243,995750,99.9993,99855,99854,895902,0,1,0,0.00100145,66.6932,45672,/home/pi/workspaces/yhl/adam-v2x/outputs/csv_raw/unpatched/qos_attack_10.0_mode0_onnx.csv
1,0.1,3,1000000,1000000,0,0,513636,51.3636,409,375,999591,0,34,0,8.31296,68.2224,45292,/home/pi/workspaces/yhl/adam-v2x/outputs/csv_raw/unpatched/qos_attack_0.1_mode1_onnx.csv
1,0.5,3,1000000,995564,4436,0.4436,524759,52.7097,1986,1983,993578,0,3,0,0.151057,66.8661,45844,/home/pi/workspaces/yhl/adam-v2x/outputs/csv_raw/unpatched/qos_attack_0.5_mode1_onnx.csv
1,1,3,1000000,995702,4298,0.4298,483120,48.5205,3942,3916,991760,0,26,0,0.659564,66.556,45844,/home/pi/workspaces/yhl/adam-v2x/outputs/csv_raw/unpatched/qos_attack_1.0_mode1_onnx.csv
1,5,3,1000000,995850,4150,0.415,510067,51.2193,19716,19712,976134,0,4,0,0.0202881,67.1893,45844,/home/pi/workspaces/yhl/adam-v2x/outputs/csv_raw/unpatched/qos_attack_5.0_mode1_onnx.csv
1,10,3,1000000,995678,4322,0.4322,539516,54.1858,40361,40354,955317,0,7,0,0.0173435,67.0906,45844,/home/pi/workspaces/yhl/adam-v2x/outputs/csv_raw/unpatched/qos_attack_10.0_mode1_onnx.csv
2,0.1,3,1000000,995726,4274,0.4274,668090,67.0958,755,639,994971,0,116,0,15.3642,70.5628,45844,/home/pi/workspaces/yhl/adam-v2x/outputs/csv_raw/unpatched/qos_attack_0.1_mode2_onnx.csv
2,0.5,3,1000000,995728,4272,0.4272,739832,74.3006,3723,3711,992005,0,12,0,0.322321,66.9366,45844,/home/pi/workspaces/yhl/adam-v2x/outputs/csv_raw/unpatched/qos_attack_0.5_mode2_onnx.csv
2,1,3,1000000,995745,4255,0.4255,747038,75.023,7555,7549,988190,0,6,0,0.0794176,71.6511,45844,/home/pi/workspaces/yhl/adam-v2x/outputs/csv_raw/unpatched/qos_attack_1.0_mode2_onnx.csv
2,5,3,1000000,995715,4285,0.4285,739158,74.2339,37349,37331,958366,0,18,0,0.0481941,69.0232,45844,/home/pi/workspaces/yhl/adam-v2x/outputs/csv_raw/unpatched/qos_attack_5.0_mode2_onnx.csv
2,10,3,1000000,995860,4140,0.414,738064,74.1132,75133,75115,920727,0,18,0,0.0239575,66.8433,45844,/home/pi/workspaces/yhl/adam-v2x/outputs/csv_raw/unpatched/qos_attack_10.0_mode2_onnx.csv
0,1,0,1000000,1000000,0,0,0,0,10209,0,989791,0,10209,0,100,74.8655,35148,/home/pi/workspaces/yhl/adam-v2x/outputs/csv_raw/unpatched/qos_attack_1.0_mode0.csv
2,0.1,1,1000000,999884,116,0.0116,204507,20.4531,765,219,999119,0,546,0,71.3725,64.583,35204,/home/pi/workspaces/yhl/adam-v2x/outputs/csv_raw/unpatched/qos_attack_0.1_mode2_filtered.csv
2,10,1,1000000,995699,4301,0.4301,553158,55.5547,75105,75065,920594,0,40,0,0.0532588,60.867,35204,/home/pi/workspaces/yhl/adam-v2x/outputs/csv_raw/unpatched/qos_attack_10.0_mode2_filtered.csv
2,0.1,3,1000000,999998,2,0.0002,656822,65.6823,745,632,999253,0,113,0,15.1678,68.1768,45552,/home/pi/workspaces/yhl/adam-v2x/outputs/csv_raw/unpatched/qos_attack_0.1_mode2_onnx.csv
2,1,3,1000000,995603,4397,0.4397,752558,75.5882,7363,7357,988240,0,6,0,0.0814885,63.0682,45668,/home/pi/workspaces/yhl/adam-v2x/outputs/csv_raw/unpatched/qos_attack_1.0_mode2_onnx.csv
2,5,3,1000000,995866,4134,0.4134,759237,76.2389,37432,37418,958434,0,14,0,0.0374012,65.5458,45668,/home/pi/workspaces/yhl/adam-v2x/outputs/csv_raw/unpatched/qos_attack_5.0_mode2_onnx.csv
1,0.1,3,1000000,1000000,0,0,484541,48.4541,417,387,999583,0,30,0,7.19424,64.1641,45376,/home/pi/workspaces/yhl/adam-v2x/outputs/csv_raw/unpatched/qos_attack_0.1_mode1_onnx.csv
2,0.1,3,1000000,995702,4298,0.4298,655912,65.8743,783,650,994919,0,133,0,16.986,63.8889,45524,/home/pi/workspaces/yhl/adam-v2x/outputs/csv_raw/unpatched/qos_attack_0.1_mode2_onnx.csv
1,10,0,1000000,999926,74,0.0074,0,0,40137,0,959789,0,40137,0,100,86.453,34988,/home/pi/workspaces/yhl/adam-v2x/outputs/csv_raw/unpatched/qos_attack_10.0_mode1.csv
2,10,0,1000000,995813,4187,0.4187,0,0,74963,0,920850,0,74963,0,100,109.13,34988,/home/pi/workspaces/yhl/adam-v2x/outputs/csv_raw/unpatched/qos_attack_10.0_mode2.csv
